,ID,Edad,Ingresos (USD),Ciudad_Madrid,Ciudad_Sevilla
0,1,-1.2649110640673518,-1.4142135623730951,1.0,0.0
1,2,1.2649110640673518,1.4142135623730951,0.0,1.0
2,3,-0.6324555320336759,0.0,1.0,0.0
3,4,0.6324555320336759,0.0,0.0,0.0
